ID,values,rank
0,-0.1635301336261659,0.3514774494556765
2,0.0107742667109391,0.5069984447900466
3,-0.2335052353024808,0.29237947122861585
4,0.0298220491286575,0.5178849144634525
5,-0.0734642461302247,0.4261275272161742
8,-1.6995709261671217,0.02177293934681182
9,5.0164912760257,0.9922239502332815
10,0.3241910661884046,0.7076205287713841
12,1.0510265180418132,0.8942457231726283
13,-1.2344263392245651,0.04354587869362364
14,1.4750312714255345,0.9237947122861586
15,0.1246711728150455,0.5925349922239502
17,-0.3278725641454853,0.24727838258164853
18,0.4411887515046381,0.7713841368584758
19,-0.0306268948367147,0.4572317262830482
21,0.129770327387799,0.5956454121306376
23,-0.082601832277404,0.41835147744945567
25,-0.404038764500749,0.2099533437013997
26,0.7371891474676542,0.8413685847589425
28,0.0435868673197028,0.5303265940902022
32,0.5463014214763021,0.7978227060653188
33,-1.8519493205608373,0.013996889580093312
34,3.692449681093513,0.9860031104199067
36,0.6978810094653494,0.8398133748055988
37,0.0840958525451972,0.5614307931570762
38,-0.1151725224655222,0.39035769828926903
39,0.0933227081091669,0.5645412130637636
40,0.0,0.49300155520995337
42,1.2129769581082497,0.9051321928460342
44,0.2433047510603542,0.6640746500777605
45,-0.7991544399969254,0.09642301710730948
46,1.0916062120939791,0.8973561430793157
47,-0.0332661303735314,0.4556765163297045
49,0.1904186577852886,0.6345256609642301
50,-0.5497556361609575,0.16018662519440124
51,0.270509715285859,0.6749611197511665
53,-0.4140974570525368,0.2006220839813375
54,0.9230296636495076,0.8771384136858476
55,-0.65524806466026,0.13374805598755832
57,0.1553908482821246,0.6205287713841369
58,-0.059107701781637,0.4401244167962675
59,0.1134880971506585,0.583203732503888
61,0.6074489952557763,0.8227060653188181
62,0.497158843247422,0.7884914463452566
63,0.3311982983597488,0.713841368584759
65,-0.5535800728993042,0.15863141524105753
66,0.3657609259301755,0.7387247278382582
68,-0.1359138167734189,0.3701399688958009
70,-0.7004275425228569,0.12286158631415241
71,0.696176185968354,0.838258164852255
72,0.6137208641693179,0.8258164852255054
76,0.857679457158991,0.8678071539657853
77,0.2181535905601564,0.6531881804043546
79,-0.072683359725406,0.42923794712286156
81,0.926396008311337,0.8786936236391913
83,-0.5158459619464411,0.17573872472783825
84,0.3941352560222234,0.7542768273716952
85,-2.273870053839118,0.006220839813374806
86,6.009904429692065,0.995334370139969
89,0.4477162390842343,0.7744945567651633
90,-0.6994358371517136,0.12441679626749612
91,0.8276512095959563,0.8631415241057543
92,0.5590675169740039,0.8040435458786936
93,-0.3435146252247724,0.23483670295489892
94,0.0745608640589027,0.5552099533437014
96,1.11450278379546,0.8989113530326595
97,0.3063040136767319,0.6967340590979783
98,-0.3387738898841101,0.2410575427682737
99,-0.1931839761301076,0.3265940902021773
100,-0.6560471530154708,0.1321928460342146
101,0.6775461571936908,0.8351477449455676
103,-0.1862422882990317,0.3312597200622084
105,0.3003039059887394,0.6936236391912908
106,0.7456609964434977,0.8475894245723172
107,-0.7135641264081898,0.11975116640746501
108,0.319629001609519,0.7045101088646968
110,-0.2053561635062316,0.3110419906687403
111,0.861269970415545,0.8693623639191291
112,-0.6455413088771651,0.1368584758942457
113,0.5728538406653404,0.8087091757387247
114,-0.0709196979799312,0.4307931570762053
115,-0.5433218535145549,0.16174183514774496
116,0.7903619472331319,0.8584758942457231
117,0.1715879457241257,0.6283048211508554
118,-0.3220104225157443,0.2534992223950233
119,-0.2200174164577956,0.2986003110419907
122,2.4098959945625875,0.9673405909797823
127,-0.5984357147928642,0.15241057542768274
128,-0.3858323204090848,0.2208398133748056
129,-0.4663256243914912,0.18973561430793157
130,-0.7579629984816758,0.1057542768273717
132,0.3402084497087324,0.7231726283048211
134,-0.6052789210098012,0.14774494556765164
135,-0.2010773038764005,0.31726283048211507
136,1.0072607037010284,0.8880248833592534
137,-0.0143550504683099,0.4774494556765163
138,-0.3538903119329868,0.2301710730948678
141,3.275421128547634,0.9828926905132193
144,-0.7208472921655431,0.1181959564541213
146,1.2066662065744094,0.9035769828926905
147,0.9975364638188676,0.8864696734059098
148,-0.515611286652884,0.17729393468118196
149,0.3032214887857686,0.6951788491446346
150,-0.3391811208419996,0.23950233281493002
154,0.0,0.49300155520995337
156,0.2891463977613862,0.6858475894245724
158,0.4602781894669853,0.7791601866251944
159,-0.1877711410294635,0.3297045101088647
160,-0.4107785599250003,0.20684292379471228
161,0.5473761848478419,0.8009331259720062
162,-0.2338966226281718,0.29082426127527217
163,-0.5274285547788218,0.16796267496111975
164,-0.7228733604361232,0.1166407465007776
165,0.9972664082238056,0.8849144634525661
166,0.4844648629892277,0.7822706065318819
167,0.3570009850020127,0.7309486780715396
168,-0.2120473163354302,0.30326594090202175
169,-0.406072036807956,0.208398133748056
170,-0.8140812154922924,0.09020217729393468
171,-0.7868241741946136,0.09797822706065319
175,-0.5652876244979439,0.15552099533437014
176,0.3678279625948109,0.7433903576982893
178,0.2952277108142281,0.6920684292379471
181,-0.5191792182158081,0.17262830482115085
182,1.6742720727739877,0.9440124416796267
183,-0.9926129290525278,0.060653188180404355
184,1.5795427736017658,0.9362363919129082
185,-0.9935227281338748,0.05909797822706065
186,1.3841129807524597,0.9160186625194401
187,0.1884802386418095,0.6314152410575428
189,0.2387409751212404,0.6625194401244168
192,-1.1384520642985656,0.049766718506998445
193,0.2051818824087778,0.645412130637636
195,-0.0990273614420864,0.39968895800933124
197,-0.1959016969960536,0.3250388802488336
198,0.3078658709081291,0.6998444790046656
199,0.3659397825586283,0.7402799377916018
200,-0.0752289205278508,0.42457231726283046
201,-0.7559719279105056,0.1088646967340591
202,-0.4669603808783663,0.18818040435458788
204,-0.0359010445655046,0.4525660964230171
205,-0.9533655025977424,0.06842923794712286
206,0.8984003299046552,0.8724727838258165
207,0.0310240992320701,0.52099533437014
208,1.162871280840961,0.9004665629860031
209,0.0776024742506266,0.5567651632970451
210,-0.0244404718442556,0.463452566096423
212,1.7783708551932835,0.9502332814930016
214,3.267057968061449,0.9813374805598756
215,-0.1457080924510158,0.36391912908242613
216,-1.7205914465436618,0.02021772939346812
219,-0.2497628292749109,0.27993779160186627
220,-0.5261763729349068,0.16951788491446346
221,0.5939481118619387,0.8149300155520995
224,0.7387169912969953,0.8429237947122862
226,0.2382725698086286,0.6609642301710731
227,0.3211099184479083,0.7060653188180405
229,-0.3099468881134481,0.26127527216174184
231,0.7548610189956941,0.8506998444790047
232,-1.289661783306274,0.03732503888024884
233,-0.0832697995018858,0.416796267496112
235,1.1970926448947738,0.9020217729393468
236,2.9249114043017816,0.9782270606531882
237,-0.3184219673742235,0.25505443234836706
238,-0.2061880857744818,0.30793157076205285
239,0.2837955193237761,0.6827371695178849
240,-0.4114397924400805,0.20373250388802489
241,-1.073385783616983,0.05443234836702955
243,0.4347276964027186,0.7698289269051322
245,-0.1043457588021221,0.39502332814930013
246,0.2805626383108501,0.6796267496111975
247,0.2717803721423212,0.6765163297045101
248,-0.2465755761908394,0.28304821150855364
251,-0.8137570460603755,0.09175738724727839
252,1.2565672424416712,0.9066874027993779
254,-0.3982567744711819,0.21461897356143078
256,0.0478901050009353,0.5349922239502333
257,0.8989816613285845,0.8740279937791602
258,0.3410064109298197,0.7247278382581649
259,-3.0759292908447264,0.0015552099533437014
260,0.0,0.49300155520995337
262,6.151133366269985,0.9968895800933126
263,-0.6233754343302629,0.14307931570762053
265,-0.0421043323613635,0.4494556765163297
266,-0.1961981637924055,0.3234836702954899
267,-0.3240050145043268,0.25194401244167963
268,0.7808804409279909,0.8569206842923794
269,-0.4318253904201081,0.19906687402799378
272,-0.0051332756300387,0.48833592534992226
275,0.8126532291912427,0.8600311041990669
276,-0.5646760123185681,0.15707620528771385
277,-0.1808379708035277,0.33748055987558323
279,0.4821126709390868,0.7807153965785381
281,-0.9320105306445942,0.07309486780715396
282,-0.0917736371019228,0.4059097978227061
283,-0.0254765642989422,0.4603421461897356
285,-0.3954473635767516,0.2161741835147745
286,-0.2602250769197994,0.27527216174183516
287,0.2673484027303606,0.6734059097978227
288,-1.7277291583355727,0.01866251944012442
289,6.836019876868637,0.9984447900466563
290,0.0329283970052556,0.5256609642301711
291,-0.1483856497798246,0.359253499222395
292,-0.1592259948301813,0.3545878693623639
293,0.546469696497099,0.7993779160186625
294,0.3179320010364105,0.702954898911353
295,-0.2724923793330788,0.27060653188180406
296,-0.436680756746449,0.19751166407465007
297,-0.2603561005917882,0.2737169517884914
298,0.9327102238539832,0.880248833592535
300,0.1713540282192631,0.6267496111975117
301,-0.273781961182052,0.2690513219284603
302,-0.1152367907247626,0.38880248833592534
303,-0.0170390517508661,0.4727838258164852
304,0.2017984935600899,0.640746500777605
306,-0.0597462541668841,0.4385692068429238
308,-0.3989618553281324,0.2130637636080871
309,-0.6285163536450213,0.13996889580093314
310,1.4378258340015924,0.9222395023328149
311,0.3782094872218965,0.7465007776049767
312,-0.1927133667225281,0.328149300155521
313,-1.1061882991921217,0.05132192846034215
314,2.271824510460086,0.9626749611197511
315,0.5371756785133642,0.7947122861586314
316,0.0540493372299353,0.5396578538102644
317,-0.2515901499573486,0.27838258164852253
319,0.1388452661241632,0.6003110419906688
320,0.2477354053154064,0.6671850699844479
321,0.1210639312591872,0.5894245723172629
322,-0.2848370663043456,0.26749611197511663
324,-0.0698414545044559,0.432348367029549
327,-0.2342175782781388,0.2892690513219285
328,0.0811774695179784,0.5583203732503889
330,-0.1780147010568268,0.3390357698289269
331,1.327358328513118,0.911353032659409
332,0.1505828963214811,0.609642301710731
333,-0.0866643398139537,0.4121306376360809
336,0.2344680480289864,0.6594090202177294
337,0.1535024172142536,0.6174183514774495
338,0.0526685639792926,0.5381026438569206
340,-0.022990960667455,0.46500777604976673
342,0.1102061588837901,0.578538102643857
343,-0.0218691394139492,0.4665629860031104
344,0.0955788888478679,0.5660964230171073
346,-0.0059680246425743,0.4867807153965785
347,-0.3140162484113046,0.25972006220839816
348,0.7697085205578034,0.8538102643856921
350,-1.009116074887046,0.05754276827371695
351,2.9016227032767,0.9766718506998445
352,-0.2218004089293592,0.2954898911353033
353,0.5997798747216093,0.8195956454121306
355,0.0003691248570939,0.49611197511664074
356,-0.3451945531050289,0.2332814930015552
357,-0.1015020037624188,0.39813374805598756
359,-0.2527638863815694,0.27682737169517885
360,-0.0478190931205547,0.4447900466562986
361,0.5430052688498777,0.7962674961119751
362,0.0184397516273234,0.5116640746500778
364,0.5973596476419321,0.8164852255054432
365,-0.4433870226195858,0.19595645412130638
367,-0.1703949924765893,0.343701399688958
368,0.8325152872740446,0.864696734059098
370,-0.2384776868595605,0.28615863141524106
371,-0.3284870538821685,0.24416796267496113
372,0.1546171047863537,0.6189735614307932
376,-0.3396882153443979,0.2379471228615863
377,-0.2406715602535185,0.2846034214618974
379,0.1379009590044847,0.5987558320373251
380,0.1181265869780779,0.5863141524105754
382,0.7672129466585402,0.8522550544323484
386,0.3338302331671665,0.7153965785381027
388,-0.110916141277801,0.39191290824261277
389,-0.477501201872451,0.18662519440124417
390,-0.1676407217700289,0.3468118195956454
391,-0.0152611170241675,0.47433903576982894
393,-0.3294034648571807,0.24261275272161742
394,-0.2178739149425225,0.30171073094867806
395,-0.3076860593906986,0.26283048211508553
396,0.2067703108648003,0.6469673405909798
398,-0.5130569605140662,0.17884914463452567
400,0.2718434473573954,0.6780715396578538
401,-0.0770933258236665,0.4230171073094868
402,0.1111311017430266,0.5800933125972006
404,0.1671473833238881,0.6251944012441679
405,-0.1473328354240415,0.36236391912908245
406,-0.2089217518116229,0.30637636080870917
407,-0.0128928917303495,0.47900466562986005
408,-0.6977158297609208,0.12597200622083982
409,1.3234100022451676,0.9097978227060654
412,2.262772971224788,0.9611197511664075
415,0.4098576741802502,0.7589424572317263
419,0.1028055841694779,0.5707620528771384
421,-1.249979684052403,0.041990668740279936
422,-0.4606912139063166,0.19129082426127528
423,0.2510310465472496,0.6687402799377916
424,1.2924505275184277,0.9082426127527217
429,0.6090537361935354,0.8242612752721618
430,-0.0245265465478656,0.4618973561430793
432,-0.1690073728248302,0.3452566096423017
433,-0.3262661583140313,0.24883359253499224
435,2.332040401104864,0.9642301710730948
436,-1.7503092869190218,0.017107309486780714
438,0.6863681872757041,0.8367029548989113
439,0.0715602297824868,0.552099533437014
442,0.5872257209270335,0.8133748055987559
443,-0.1853663001912398,0.3328149300155521
444,1.3282652194560196,0.9129082426127527
446,-1.4616473248856607,0.027993779160186624
449,2.469264811105293,0.9704510108864697
451,-0.8886042151817332,0.07776049766718507
453,-0.7333253746510098,0.1150855365474339
455,1.5621927955654422,0.9331259720062208
456,1.6087779394185344,0.9409020217729394
457,0.0325558879824361,0.5241057542768274
458,-0.205733209757409,0.3094867807153966
459,-0.1725968758700824,0.3421461897356143
460,-0.3797937411438354,0.2223950233281493
462,-0.1848200626241843,0.3343701399688958
464,0.6262273342929225,0.8273716951788491
465,-0.0464191131458751,0.447900466562986
466,-0.5680529210773664,0.15396578538102643
468,0.4542766086584939,0.7776049766718507
469,0.364170821679209,0.7325038880248833
470,-0.8155589700452064,0.08864696734059098
472,0.1475866269738732,0.6080870917573873
473,-0.2364136316810239,0.28771384136858474
474,-0.3860273765677119,0.2192846034214619
476,0.2068754091606022,0.6485225505443235
477,-0.3899724952428711,0.2177293934681182
478,-0.7348990218641689,0.1119751166407465
479,0.9460897554164676,0.8818040435458787
480,0.1430957794766845,0.6018662519440124
481,0.2031260121221997,0.6438569206842923
482,0.3387502380611212,0.7216174183514774
485,-0.0406872643845607,0.4510108864696734
487,-0.0514306581849915,0.4432348367029549
488,-0.7715312519239005,0.104199066874028
489,-2.1024731930583105,0.00933125972006221
490,-0.8544702784445194,0.08242612752721618
493,0.1199433652655968,0.5878693623639192
494,0.5136136778949831,0.7931570762052877
496,0.2941667744920151,0.687402799377916
497,0.1262707278821853,0.5940902021772939
498,-0.449620032587097,0.19284603421461896
499,0.2459953503205894,0.6656298600311042
500,-0.5237674847167819,0.17107309486780714
502,1.50380474479175,0.9300155520995335
503,0.2210068579786695,0.6547433903576982
505,-1.3245552289117648,0.03576982892690513
506,1.712548198625102,0.9471228615863142
507,0.5851430881823415,0.8118195956454122
509,0.6636325834971496,0.8304821150855366
511,0.8443490743699443,0.8662519440124417
512,-0.1477760746006843,0.3608087091757387
515,0.0054209770662817,0.5023328149300156
516,-0.8569179301417578,0.08087091757387248
517,-0.9500889388296476,0.06998444790046657
518,1.4003958127357787,0.9175738724727839
519,0.012714913418732,0.5085536547433903
520,-0.1608231303730808,0.35303265940902023
521,0.1534920731895667,0.6158631415241057
522,-0.1526401073763283,0.35769828926905134
523,0.6744157688243966,0.833592534992224
526,0.2072689250752905,0.6500777604976672
527,3.9489492325128848,0.9875583203732504
529,-0.7427786696154972,0.1104199066874028
531,-0.1818939081270729,0.3359253499222395
532,-0.3430914262818244,0.2363919129082426
533,0.566304198030694,0.807153965785381
534,0.1038074487563919,0.5723172628304821
535,0.0255592010245943,0.5147744945567652
536,0.1871197209411912,0.6298600311041991
538,-2.1315946551349683,0.007776049766718507
540,3.304949198136817,0.9844479004665629
541,0.3656768084523153,0.7371695178849145
542,0.3525282607717255,0.7293934681181959
543,0.0957462255460049,0.567651632970451
545,0.0443324732592797,0.5334370139968896
546,-0.0865721251796425,0.41368584758942456
547,-0.2707138253288327,0.27216174183514774
548,0.6059101658410553,0.8211508553654744
549,0.2946947838163621,0.6905132192846034
550,-0.0207412529975104,0.46967340590979784
551,-0.0089481522291659,0.48367029548989116
552,0.1041830166182424,0.5738724727838258
553,-0.0354530339215964,0.45412130637636083
556,0.1152826799117107,0.5847589424572317
557,-0.3588286798962573,0.2255054432348367
560,0.3655045964381045,0.7340590979782271
561,0.3974782423445324,0.7558320373250389
563,-0.2193930964426598,0.3001555209953344
565,0.1352507736642388,0.5972006220839814
566,0.0331388464362437,0.5272161741835147
568,0.3349097887747389,0.71850699844479
570,-0.600776598254007,0.14930015552099535
571,0.979894258157542,0.8833592534992224
572,0.4313154374162594,0.7682737169517885
574,0.0959948550425775,0.5692068429237948
575,0.0734841495024363,0.5536547433903577
576,-0.355585697259512,0.22706065318818042
579,0.2216092149929304,0.656298600311042
580,0.1233210137855416,0.5909797822706065
581,-0.0823516025915816,0.4214618973561431
582,-0.1199666095843162,0.3856920684292379
583,0.0631489321501745,0.5443234836702955
584,-0.0150891183063742,0.4758942457231726
586,-0.4000475047023455,0.2115085536547434
587,-1.8787228020883493,0.012441679626749611
588,1.7965961639422368,0.9517884914463453
594,-0.2471983583502343,0.28149300155520995
595,1.5015344996240618,0.9284603421461898
597,0.2512798119354036,0.6702954898911353
599,-1.2552629254700391,0.04043545878693624
600,-0.6574228761950716,0.13063763608087092
601,1.5967329101046197,0.9393468118195957
603,0.496221296020289,0.7869362363919129
605,0.0696487585797352,0.5505443234836703
606,-0.4998498577478769,0.18506998444790046
607,0.423691696942605,0.7651632970451011
609,0.488654678459654,0.7838258164852255
610,0.143578712407999,0.6034214618973561
611,0.0825401690317195,0.5598755832037325
612,0.2843374807486026,0.6842923794712286
613,-0.3253800570073072,0.25038880248833595
615,0.006295001951394,0.505443234836703
616,-0.1257389627220424,0.37947122861586313
618,0.3117722102660568,0.7013996889580093
620,0.0686191710907244,0.5489891135303266
621,0.8836031230945492,0.8709175738724728
623,-0.06388195808572,0.4354587869362364
624,-0.2048356049545818,0.3157076205287714
626,-0.1382629017488389,0.36858475894245724
627,-2.5672496956045032,0.004665629860031105
628,2.462574662333667,0.968895800933126
630,0.4144066817126663,0.76049766718507
631,-0.7026097104456052,0.12130637636080871
632,-0.7760423002261276,0.1026438569206843
633,-0.5417697600166503,0.16485225505443235
634,2.7914844582213902,0.9720062208398134
635,0.049347794442201,0.536547433903577
636,0.7430209546453443,0.8444790046656299
637,3.039476428982044,0.9797822706065319
638,-1.536319403286376,0.026438569206842923
639,-0.8298694956635877,0.08709175738724728
640,-0.0114692681773457,0.48055987558320373
641,0.583082602981516,0.8102643856920684
642,-0.5084614468084541,0.18040435458786935
643,-1.4162905396790544,0.03110419906687403
644,2.823923440866076,0.973561430793157
645,-0.8806579973498646,0.07931570762052877
646,-2.7058728813855484,0.003110419906687403
647,0.1130567878290977,0.5816485225505443
648,0.8230692420732499,0.8615863141524106
650,0.1050953633377604,0.5754276827371695
651,-0.7992607923026037,0.09486780715396578
652,0.2809889254273608,0.6811819595645412
653,-1.095065540048285,0.05287713841368585
654,-0.6397130551733168,0.13841368584758942
655,4.337953421060547,0.9906687402799378
656,-0.2048618810021035,0.3141524105754277
659,0.4209709212902264,0.7620528771384136
660,-0.3281879604736506,0.24572317262830481
661,0.3281771700102275,0.7122861586314152
662,0.3280919894730633,0.7107309486780715
663,-0.5034215799661689,0.18195956454121306
664,1.4805769073619597,0.9253499222395023
666,-0.964460229199118,0.06531881804043546
667,-0.9041413040366928,0.07620528771384137
670,0.14457531603423,0.6049766718506998
671,0.5127225644005985,0.7916018662519441
674,1.5731675141202908,0.9346811819595645
675,-2.002418580117912,0.01088646967340591
676,-0.988564722954025,0.06220839813374806
677,3.989398100190254,0.9891135303265941
678,-0.8033148097834122,0.09331259720062209
680,-0.626456832779355,0.14152410575427682
681,-0.5014073130563451,0.18351477449455678
682,1.7021181208929508,0.9455676516329704
684,0.3461066107425096,0.7278382581648523
686,-0.0069890458846239,0.48522550544323484
689,-0.0667336031116626,0.43390357698289267
690,1.010633625146799,0.8895800933125972
691,-0.1177216511218442,0.38724727838258166
693,-1.6554820896790952,0.024883359253499222
694,-0.977074915847718,0.06376360808709176
695,1.5925886335279045,0.937791601866252
696,-1.6870792627409443,0.02332814930015552
701,-0.4138092934500667,0.20217729393468117
705,-0.6710696087985721,0.12752721617418353
708,2.3981149157392565,0.9657853810264385
709,-0.7836985963462354,0.09953343701399689
710,-0.9146830800004476,0.07465007776049767
711,1.0177951627428543,0.8911353032659409
713,0.5983488615045693,0.8180404354587869
714,-0.5994157532501534,0.15085536547433903
715,-1.3806414117910284,0.03265940902021773
717,0.3377810228021261,0.7200622083981337
718,-0.6492386900912958,0.13530326594090203
720,1.0741419648532011,0.895800933125972
722,-1.01041509653584,0.05598755832037325
724,0.5653828214769285,0.8055987558320373
725,0.4503195310139053,0.776049766718507
727,-1.2285536629134994,0.04510108864696734
728,1.412278631281769,0.9191290824261276
729,-0.6620232813058246,0.1290824261275272
731,1.908309941663431,0.9564541213063764
732,-0.954473884882676,0.06687402799377916
733,1.6709160660469011,0.942457231726283
735,-0.1357255592420804,0.37169517884914466
736,-0.0732552492248686,0.4276827371695179
737,1.9155131142974549,0.9580093312597201
739,0.4026183657088373,0.7573872472783826
741,0.158190357968407,0.6220839813374806
744,-0.2202548425745857,0.29704510108864696
746,-1.8099870635202984,0.015552099533437015
747,5.57011518732641,0.9937791601866252
748,0.1517974463603419,0.6127527216174183
749,-0.4109709713860532,0.2052877138413686
752,-0.2263296392421566,0.2939346811819596
753,0.3345728986365359,0.7169517884914464
754,0.0003806906514331,0.4976671850699845
755,0.0139878502990858,0.5101088646967341
756,0.0603381376133977,0.5412130637636081
757,-0.2114271212048401,0.3048211508553655
759,0.1896798808887953,0.6329704510108864
760,-0.5183287701460362,0.17418351477449456
761,-0.5317068969710289,0.16640746500777606
762,-1.1922175054486517,0.04821150855365474
764,-0.7347979459797978,0.11353032659409021
765,-0.8452717989145807,0.08398133748055987
766,1.3741871351111887,0.9144634525660964
767,1.8329745419633487,0.9533437013996889
771,-0.1443196937413531,0.36702954898911355
772,-0.1022306968013996,0.3965785381026439
774,-0.3031126956851873,0.26594090202177295
777,-0.1563440877180009,0.3561430793157076
779,-0.0212271879097361,0.4681181959564541
780,-0.0905521974189773,0.40746500777604977
781,-0.0090071221246957,0.4821150855365474
783,0.0317617060471167,0.5225505443234837
785,-0.0872165696511579,0.4105754276827372
786,-0.3554556598351487,0.2286158631415241
787,-0.304470216677343,0.2643856920684292
788,0.145286953979628,0.6065318818040435
789,-0.004546294075968,0.48989113530326595
794,-0.0175331338089296,0.4712286158631415
796,-0.3161782440116608,0.2581648522550544
797,0.2168235831843266,0.6516329704510109
799,-0.7564308319003511,0.10730948678071539
800,7.138604025388376,1.0
801,-0.1304680824849467,0.37636080870917576
805,-0.9391970952395332,0.07153965785381027
806,1.860895261958436,0.9548989113530326
808,-0.046888069584178,0.4463452566096423
809,0.0025742803457742,0.49922239502332816
811,0.326436994006953,0.7091757387247278
813,-0.0860711337028518,0.4152410575427683
818,-0.165231600134126,0.3483670295489891
819,-0.1333811131150599,0.37325038880248834
820,0.2946871022033585,0.6889580093312597
822,-0.0923790051887028,0.40435458786936235
823,0.0603799269505459,0.5427682737169518
825,-0.1250944128672453,0.3810264385692068
826,0.1598929916700161,0.6236391912908242
827,-0.089570564140856,0.40902021772939345
829,0.7509507854764812,0.8491446345256609
830,0.5026977365452766,0.7900466562986003
831,0.0263742542420065,0.5163297045101088
832,-0.131542314551415,0.374805598755832
833,0.0842206059869724,0.5629860031104199
834,-0.1988565275150885,0.3203732503888025
835,0.3929377466922059,0.7511664074650077
836,0.0050574069679743,0.5007776049766719
837,-0.3181589851345572,0.25660964230171074
838,0.3781051965314647,0.744945567651633
839,-0.0954835852093951,0.40279937791601866
840,-0.352252864995466,0.2317262830482115
841,0.0429955499016828,0.5287713841368584
842,0.6731191869074566,0.8320373250388803
843,0.2279228930250718,0.6578538102643857
844,-0.1450544076166469,0.3654743390357698
845,-0.0634537942033697,0.4370139968895801
847,0.0226172386671516,0.5132192846034215
848,0.1523266999611395,0.614307931570762
849,-0.1635609488695476,0.3499222395023328
850,-0.1096546983834442,0.39346811819595645
851,-0.0825712898158183,0.4199066874027994
852,-0.0575850694371891,0.4416796267496112
853,0.2013004518325216,0.6391912908242613
854,0.3802549102989194,0.749611197511664
856,0.3068891993665825,0.6982892690513219
857,0.2561399256554862,0.671850699844479
858,0.043984950419653,0.5318818040435459
859,-0.1773841486238679,0.3405909797822706
860,0.1944139447325376,0.6360808709175739
861,0.150670330764687,0.6111975116640747
862,0.0652709777990065,0.5458786936236392
864,0.3415421518602047,0.7262830482115086
865,-0.1210304662882765,0.38413685847589424
866,0.0057976060942834,0.5038880248833593
867,-0.1989865087980435,0.3188180404354588
868,-0.1297470601877865,0.37791601866251945
869,-0.6137661028642194,0.14618973561430793
871,0.3935574874138453,0.7527216174183515
873,-0.0964084078684764,0.401244167962675
875,0.423372920654022,0.7636080870917574
877,0.3796642294235667,0.7480559875583204
878,-0.4447891930385669,0.19440124416796267
884,-0.1244818000119226,0.38258164852255055
886,0.6509153614940533,0.8289269051321928
888,0.2030099361690079,0.6423017107309487
889,-0.6165991933486599,0.14463452566096424
891,0.4449434488356112,0.7729393468118196
892,-1.4500136647703274,0.029548989113530325
894,1.5490718405603008,0.9315707620528771
895,-0.0272271467702191,0.45878693623639194
896,1.4833764787839634,0.926905132192846
899,0.0304635916735237,0.5194401244167963
901,0.4897216160235123,0.7853810264385692
902,-0.1965200375636385,0.32192846034214617
905,-1.2279446810922234,0.04665629860031104
906,0.7441389719403997,0.8460342146189735
907,0.3676756571732782,0.7418351477449455
908,0.0656394600170174,0.5474339035769828
909,-0.372041460145397,0.223950233281493
910,0.9089499968764686,0.8755832037325039
912,0.1083086052456801,0.5769828926905132
913,1.030481077195008,0.8926905132192846
914,1.7324054182594564,0.9486780715396579
915,-1.3442689994146844,0.03421461897356143
917,0.7757610302387937,0.8553654743390358
918,0.1963115292581426,0.6376360808709176
919,-0.2048663117129315,0.31259720062208396
921,0.4260302643892116,0.7667185069984448
922,-0.7830395043600025,0.10108864696734059
923,-1.255299676070507,0.038880248833592534
924,2.8371973407917244,0.9751166407465007
925,1.940654106812462,0.9595645412130638
926,-0.8419344896003634,0.08553654743390357
927,-0.5425929608144887,0.16329704510108864
928,1.4176793772589416,0.9206842923794712
929,0.3656250811215265,0.7356143079315708
930,0.5547609953585945,0.80248833592535
933,-0.1745390883414931,0.25499412455934195
934,4.724417783668579,0.9952996474735605
935,0.0012835764594034,0.5158636897767332
936,-0.1424452053772801,0.28672150411280845
937,-0.1000062251874798,0.3384253819036428
938,-0.1191843767465754,0.318448883666275
940,-0.0027440923878123,0.5052878965922444
942,0.0164418110632994,0.5405405405405406
944,-0.1086046977039142,0.33490011750881316
945,0.0171498337673524,0.5417156286721504
946,0.2409385036780514,0.7967097532314924
947,0.0134276211668655,0.5370152761457109
950,-0.1880830303571121,0.23854289071680376
951,0.0303812298851301,0.5628672150411281
952,-0.0942914889476271,0.34665099882491185
953,-0.6022142594773792,0.0963572267920094
955,0.0331664070586478,0.5769682726204466
956,0.0728226543170659,0.6415981198589894
957,0.0366346041646938,0.581668625146886
958,0.6013202254997633,0.9036427732079906
959,0.2819733966968231,0.8119858989424207
961,0.0303958000339872,0.564042303172738
963,3.7386925577038665,0.9847238542890717
964,-1.6430112928802725,0.036427732079905996
965,0.0244974863355818,0.5511163337250293
966,0.6322824490839929,0.9071680376028202
969,-0.5608183209916849,0.10105757931844889
970,-0.0190361275525109,0.47238542890716806
971,0.01637085043694,0.5393654524089306
972,-0.0217658631016239,0.46533490011750883
974,0.4419515259348262,0.8754406580493537
976,-0.1675094850376798,0.2620446533490012
977,0.1569768573516091,0.7391304347826086
978,1.5432164258590593,0.954171562867215
979,-0.4048802178794284,0.13278495887191538
980,0.0361970124665089,0.5793184488836662
981,0.2030603460938753,0.7708578143360753
984,-0.3002715173618676,0.1797884841363102
985,0.0644828279211058,0.627497062279671
986,0.0249527263708118,0.5534665099882491
987,0.0993798603060148,0.6698002350176263
989,-0.0376683848818629,0.4289071680376028
990,-0.0379166486528051,0.42773207990599293
991,-0.0277586957348518,0.4512338425381904
992,-0.0087894928692421,0.4864864864864865
993,0.5564265647042352,0.8954171562867215
994,0.1679956909720533,0.7438307873090482
995,-0.0351620992188606,0.43243243243243246
998,-0.6948013666643845,0.08225616921269095
999,-0.1346798111827024,0.2972972972972973
1003,-0.4896102284255714,0.11633372502937721
1004,0.3217802958616276,0.8237367802585194
1005,-0.117497275148672,0.32432432432432434
1006,-0.2318388528494972,0.21034077555816685
1007,0.066491949614702,0.6321974148061105
1008,0.747732186353253,0.9130434782608695
1009,-0.1169570923996919,0.3254994124559342
1012,0.6760124719976939,0.9106933019976499
1013,-0.1872463659185068,0.24324324324324326
1014,0.0411262464174672,0.5875440658049353
1015,-0.162473593093862,0.27144535840188017
1016,-0.0524684305952773,0.40540540540540543
1017,-0.7640553864121279,0.07755581668625147
1018,0.3649556448753382,0.8484136310223267
1020,0.2622944881708633,0.8061104582843713
1021,0.1978251350179923,0.7673325499412456
1022,0.8702898236424383,0.9224441833137486
1023,0.4399874746980211,0.8742655699177438
1024,0.2088686612684762,0.7767332549941246
1025,0.0986098192823746,0.6674500587544065
1027,-0.0215479106107241,0.46650998824911866
1028,0.2907484802927597,0.8155111633372503
1030,-0.0488175597130015,0.41245593419506466
1031,-0.0143412300984911,0.4782608695652174
1032,0.0080230682770152,0.5287896592244419
1033,-0.3765258147561002,0.14806110458284372
1037,-0.0820022367835364,0.3595769682726204
1040,-0.2606350203323089,0.19623971797884843
1045,0.0208667823827881,0.54524089306698
1046,0.1741715094470439,0.7497062279670975
1048,0.0031061885676728,0.5217391304347826
1049,0.0296231537780269,0.5605170387779084
1050,0.0514712606191935,0.6075205640423031
1051,0.082465242742083,0.6509988249118684
1052,-0.3371792169429849,0.16216216216216217
1053,0.3413258411615462,0.8390129259694477
1054,0.0283133812568542,0.5581668625146886
1055,0.0357572628065449,0.5781433607520564
1056,-0.0131287031847377,0.4806110458284371
1057,0.1089534841719957,0.6921269095182139
1059,-0.1648538039995488,0.26674500587544064
1064,0.13532448101066,0.7226792009400705
1065,0.1565745741397572,0.736780258519389
1066,-0.0893177954088196,0.35135135135135137
1067,-0.5048729952390942,0.1128084606345476
1068,0.4370029909126993,0.8730904817861339
1069,0.1128497066002542,0.699177438307873
1070,0.3096521629706308,0.8202115158636898
1071,0.0399917243109661,0.5863689776733255
1072,-0.0284640651282982,0.4488836662749706
1073,-0.3652623789005739,0.15158636897767333
1075,-0.0301975446764796,0.44418331374853115
1076,0.1332458287593722,0.7203290246768508
1077,-0.864280008415964,0.07168037602820211
1078,0.6118734348428225,0.9059929494712103
1079,0.2998329054824495,0.81786133960047
1080,0.0019977023066662,0.5170387779083431
1081,0.0978682270379194,0.6662749706227967
1086,0.2741455977722489,0.8096357226792009
1088,-0.1158258995522708,0.32667450058754405
1089,0.0536906974841221,0.6133960047003525
1090,0.0240871524123741,0.5487661574618097
1091,0.0988867608307274,0.6686251468860165
1092,-0.0850312601658441,0.35605170387779084
1093,-0.6221615548860023,0.09283196239717979
1094,0.0536518399943934,0.6122209165687427
1095,-0.0873329850060783,0.3537015276145711
1096,0.1049157872831339,0.6839012925969448
1097,0.3130085215962033,0.8225616921269095
1098,0.0,0.5111633372502937
1099,-0.0308682172167516,0.4418331374853114
1100,-0.1421947822359958,0.2890716803760282
1101,-0.0717326120736016,0.372502937720329
1102,0.4630124248165893,0.881316098707403
1103,-0.0320756802880105,0.4383078730904818
1104,0.132475854998083,0.7168037602820212
1105,0.2407863592307326,0.7955346650998825
1106,-0.1237394347270676,0.3078730904817861
1108,0.1228495869132358,0.7062279670975323
1109,-0.2721953616816702,0.19153936545240893
1110,0.4274240974229788,0.8695652173913043
1111,-0.3014328052941887,0.17743830787309048
1113,-0.4284227752350109,0.12338425381903642
1116,-0.2933741035590001,0.18213866039952997
1117,0.1301573052471306,0.7156286721504113
1118,0.1126039719510449,0.6980023501762632
1119,-0.4029678607799104,0.13513513513513514
1120,-0.0285749517515532,0.44770857814336074
1121,-0.0179203182360677,0.47591069330199764
1123,-0.806519406653124,0.07638072855464159
1124,0.3384236825242618,0.836662749706228
1128,-3.5179024077234646,0.008225616921269096
1130,0.0546752999617934,0.6157461809635723
1132,2.1332317679055874,0.9670975323149236
1133,1.4000026498727791,0.9482961222091657
1134,-0.5016558269639599,0.11398354876615746
1136,0.092026074021544,0.6580493537015276
1137,7.786577856046542,1.0
1138,-1.414308164132728,0.04465334900117509
1139,0.1032069076791701,0.6780258519388954
1140,0.3221475906069079,0.8249118683901293
1141,-0.1877497143849135,0.2408930669800235
1142,-2.4383476812689278,0.01762632197414806
1143,-1.5451086961135791,0.038777908343125736
1144,-0.1940850841894005,0.23149236192714454
1145,0.0025500442339317,0.518213866039953
1146,-0.2039002351180473,0.2244418331374853
1147,0.025800763437498,0.554641598119859
1148,-0.0670764115539193,0.3807285546415981
1149,-1.1029841039598929,0.0564042303172738
1150,0.2482100657619334,0.799059929494712
1152,0.3223397101326437,0.8260869565217391
1153,0.0446030585017475,0.5898942420681551
1156,-0.4655104799405332,0.11985898942420682
1157,0.1273280263557589,0.7121034077555817
1159,-0.1422216095892884,0.2878965922444183
1160,0.0568796984033657,0.618096357226792
1162,4.119635124210152,0.9882491186839013
1163,-0.3673921981944186,0.1492361927144536
1165,-0.90624813963732,0.06698002350176263
1166,-0.2329192838417964,0.209165687426557
1168,0.0919276099018033,0.6568742655699178
1169,-1.105775684018789,0.055229142185663924
1170,-1.8544787001363603,0.03055229142185664
1172,-0.0035470386711197,0.5029377203290247
1173,-0.0071109013024196,0.491186839012926
1174,-0.1493757249406959,0.2784958871915394
1176,-0.2264956701152907,0.21151586368977673
1177,-0.1113304287796622,0.3325499412455934
1178,-0.0805522153789447,0.3607520564042303
1179,-0.0633694831342359,0.38777908343125733
1180,-0.6842150244493632,0.08578143360752057
1182,-0.0444370759950523,0.4195064629847238
1183,-0.1598522622095826,0.27262044653349
1185,-0.0037157239907213,0.4994124559341951
1186,-2.4318255061875624,0.01880141010575793
1187,-0.3160181414171926,0.172737955346651
1188,0.1745169132746823,0.7508813160987075
1189,0.5819920523589303,0.8989424206815512
1191,-0.1787794848339245,0.2502937720329025
1192,-0.48962254297868,0.11515863689776733
1193,-0.0539922408117844,0.40305522914218567
1195,-1.7962592893734093,0.03290246768507638
1197,-0.3996656085977338,0.13748531139835488
1198,-0.3174021480983595,0.17156286721504113
1199,-0.6376581019685787,0.08930669800235018
1200,4.5283094761371245,0.9905992949471211
1201,-0.0072536170001082,0.4900117508813161
1203,0.0438916702312569,0.5887191539365453
1204,0.0474378213078081,0.5957696827262045
1205,-0.9530390182700408,0.06345475910693302
1207,0.0590476830856412,0.6227967097532315
1208,0.1293498930778165,0.7144535840188014
1209,0.7669923289059513,0.9153936545240893
1211,-0.0894820969145447,0.3501762632197415
1212,0.1913298201953863,0.7614571092831962
1214,0.1472833113865545,0.7297297297297297
1215,0.7976469535360804,0.917743830787309
1216,0.3319020189310895,0.8319623971797885
1218,-0.0946858842800785,0.345475910693302
1219,0.3810734311083479,0.8589894242068156
1220,-1.4924723802473494,0.043478260869565216
1221,-0.1739793037939351,0.25616921269095183
1224,-3.583935504111203,0.005875440658049354
1225,-0.6310493227049031,0.09165687426556991
1226,0.3860308007238704,0.863689776733255
1228,-0.1204912994686337,0.3172737955346651
1229,0.1183017969309326,0.7027027027027027
1230,0.2109241574016667,0.7802585193889542
1231,0.2073428058716233,0.7755581668625147
1233,0.5885194910758769,0.9012925969447708
1234,0.5393499445586446,0.8907168037602821
1235,-0.1344100275910899,0.2984723854289072
1237,-0.5233700503351497,0.11163337250293771
1239,-0.0226770794462532,0.4618096357226792
1241,-0.0639564037701992,0.38425381903642775
1242,0.1928400122877894,0.763807285546416
1244,-0.3823072526814279,0.14688601645123384
1248,-0.0325392395969248,0.43595769682726204
1249,0.1019477251315218,0.6745005875440658
1250,0.0121333293336874,0.5346650998824912
1252,0.0588814775259408,0.6216216216216216
1253,-0.3859093243772148,0.1445358401880141
1254,0.1558638585348807,0.7356051703877791
1255,0.0384811612850929,0.5851938895417156
1256,-0.4004737861935181,0.136310223266745
1258,0.4529582572230288,0.8801410105757932
1260,-0.143929519021305,0.28319623971797886
1261,0.1189457204949686,0.7038777908343126
1262,-0.5767950029873511,0.099882491186839
1263,-0.0604804518909624,0.39482961222091656
1265,-0.138391258160511,0.2937720329024677
1266,1.3987492620754398,0.9471210340775558
1267,-1.3331150904321734,0.045828437132784956
1269,-0.0696434508974464,0.37602820211515864
1270,0.3847139399014405,0.8613396004700352
1271,-0.0243385150879257,0.4606345475910693
1273,0.3732674065671897,0.854289071680376
1274,-0.4134741120068759,0.12925969447708577
1275,0.4853513788780118,0.8836662749706228
1277,1.364115316914675,0.9447708578143361
1278,0.5285700760084453,0.8883666274970623
1279,-0.0039202311275543,0.4982373678025852
1281,0.088895009855855,0.6533490011750881
1282,1.862087994608972,0.9612220916568742
1284,-0.3181422077188096,0.1692126909518214
1286,-0.2493859143359585,0.20329024676850763
1287,1.9117814135518425,0.963572267920094
1288,0.0494696202765264,0.6016451233842538
1292,-2.788407858199928,0.012925969447708578
1293,-0.143491648376016,0.28437132784958874
1295,0.3328110440851204,0.8343125734430082
1297,-1.2963332045316116,0.04700352526439483
1299,-0.8142178490997324,0.07520564042303172
1300,-0.062797731086573,0.3889541715628672
1301,-0.0679281643630947,0.3783783783783784
1302,-1.1396409210514795,0.052878965922444184
1305,0.1449553999668431,0.72737955346651
1306,0.3601597349714965,0.8472385428907168
1307,2.119259141115843,0.9659224441833137
1308,0.0478399012373141,0.5969447708578144
1309,-0.199549815781533,0.2256169212690952
1310,-0.0893135450110355,0.3525264394829612
1312,2.8050508890116514,0.9788484136310224
1313,0.3325491238415169,0.8331374853113983
1314,-0.0036193867608358,0.500587544065805
1315,0.1099803714981048,0.6933019976498237
1316,-0.0218999726403202,0.46415981198589895
1317,-0.0329248866370114,0.4336075205640423
1319,0.4721104860190436,0.882491186839013
1321,0.2299694804589743,0.7884841363102233
1322,0.4897880274081974,0.8848413631022327
1323,0.0761526694910631,0.645123384253819
1324,0.1693791756141858,0.745005875440658
1326,0.0176471892073511,0.5428907168037603
1327,2.575976368425104,0.9717978848413631
1328,-0.2052068990211122,0.22209165687426558
1329,-0.4093151918225764,0.13160987074030553
1330,-0.2103172513471044,0.21739130434782608
1331,-0.3294257885139227,0.1645123384253819
1332,-1.0096067567874412,0.06110458284371328
1333,-0.5868676208637797,0.09753231492361927
1334,-0.2985770699082928,0.1809635722679201
1335,0.0,0.5111633372502937
1338,-0.3646806602270167,0.15276145710928318
1343,-0.2486109073622212,0.2056404230317274
1344,-0.2217154296102933,0.21386603995299647
1345,-0.3259502499730545,0.16686251468860164
1346,-0.317920204808273,0.17038777908343125
1348,0.4033734560908838,0.8660399529964747
1350,-0.2516436719941352,0.20211515863689777
1351,-0.0273559788854874,0.45240893066980026
1352,0.8244134563797488,0.918918918918919
1353,-0.5274675899634603,0.10928319623971798
1354,-0.4184526200505143,0.12808460634547592
1357,1.005468933170814,0.9306698002350177
1360,0.0090877776734231,0.5299647473560517
1362,0.8318972923402559,0.9212690951821386
1363,0.6322827064915906,0.9083431257344301
1364,-0.1928139162117378,0.23266745005875442
1365,0.2612507812562612,0.8049353701527615
1366,1.5260037944695437,0.9518213866039953
1370,0.1834108393721853,0.7579318448883666
1372,-0.0979028833484152,0.3407755581668625
1374,0.053383716710667,0.6086956521739131
1375,-0.0035483681718344,0.5017626321974148
1376,-2.9184856669445987,0.011750881316098707
1377,3.726678114280279,0.9835487661574618
1378,-2.328779320092843,0.021151586368977675
1379,0.0481422083156672,0.5981198589894242
1380,-0.0406258778380672,0.42538190364277323
1381,0.0074046028334656,0.5252643948296122
1382,-0.0259632688699451,0.45593419506462984
1383,2.620018723467941,0.9741480611045829
1384,-0.4691550661856855,0.11868390129259694
1385,-0.1343929156414331,0.299647473560517
1386,0.1009612515859323,0.6709753231492362
1387,-0.052358216045806,0.40775558166862513
1391,-0.2333862367688266,0.20799059929494712
1392,0.0706731318078364,0.6380728554641598
1394,-0.5338081562961453,0.10575793184488837
1397,-0.2043520103197777,0.22326674500587543
1398,-2.514671203788687,0.01645123384253819
1399,0.194651127745539,0.7661574618096357
1400,5.015579833097478,0.9964747356051704
1401,0.8276360990781674,0.9200940070505288
1402,-0.5407252019901461,0.10340775558166862
1403,0.2050918323728075,0.7720329024676851
1405,0.2467676945797175,0.7978848413631022
1408,-1.1258857643698186,0.05405405405405406
1409,0.1804847094173591,0.7532314923619271
1411,0.0,0.5111633372502937
1413,3.43757967429277,0.982373678025852
1414,0.4484550609081467,0.8766157461809636
1415,0.0951389489196846,0.6627497062279671
1416,-0.0620049160426157,0.391304347826087
1417,0.0448041051846226,0.5910693301997649
1418,-4.041590368237281,0.0023501762632197414
1420,-0.1287188765404996,0.30552291421856637
1421,-0.1845528364034102,0.245593419506463
1422,0.3121182686419222,0.8213866039952996
1423,0.2795339478559069,0.8108108108108109
1424,-0.1632979450520062,0.2702702702702703
1425,-0.2811165512438381,0.1891891891891892
1426,-0.1987311804984774,0.22679200940070504
1428,0.0948474913725597,0.6615746180963572
1430,-0.2863747383734581,0.1844888366627497
1431,0.0373021013058413,0.5828437132784959
1432,-0.005460114874465,0.49471210340775557
1435,-0.0190744163190597,0.4712103407755582
1436,-0.0429814446080716,0.42420681551116335
1437,0.2012235327531393,0.7696827262044653
1440,-0.0986142670498717,0.3396004700352526
1442,0.5595949836560642,0.8965922444183314
1443,0.2355673783953747,0.7920094007050529
1445,-0.0201779390449242,0.4700352526439483
1447,-0.024934224286642,0.4582843713278496
1448,-1.6746969416389907,0.03407755581668625
1449,-0.1229513684589726,0.3125734430082256
1451,-0.1419110596592402,0.2902467685076381
1452,-1.2393589134288905,0.0481786133960047
1453,-0.6114027507717267,0.09518213866039953
1454,-0.6409171181955207,0.0881316098707403
1455,-0.4299611461672902,0.12220916568742655
1456,0.090353008833855,0.654524089306698
1457,-0.1560357640355552,0.2773207990599295
1459,-0.2822118773613684,0.18801410105757932
1461,0.2229069056036005,0.7849588719153937
1462,-0.3259613075106198,0.16568742655699178
1463,0.6025434540476294,0.9048178613396005
1464,-0.2842134201248948,0.18683901292596944
1467,0.0273470605582386,0.5569917743830788
1468,-3.8293957812592456,0.004700352526439483
1470,0.2641893867158347,0.8072855464159812
1472,-1.016041042910534,0.05992949471210341
1473,0.1589220607931751,0.7414806110458284
1474,3.9577802731540017,0.9870740305522914
1475,-2.667797653904165,0.01410105757931845
1476,0.0320384574329391,0.5699177438307873
1478,1.3873784182996325,0.9459459459459459
1479,3.1390541377209726,0.981198589894242
1481,-0.293317452243704,0.18331374853113983
1482,-0.403435988212012,0.13396004700352526
1483,0.978181860135656,0.9294947121034077
1484,0.2379984274040587,0.7931844888366627
1485,3.046264356237203,0.9800235017626322
1488,-1.1807500419315504,0.04935370152761457
1491,-0.1895778619333491,0.23736780258519388
1492,0.0683156749488107,0.63572267920094
1493,0.3728223940975403,0.8519388954171563
1495,-0.5358749887638988,0.1045828437132785
1497,-0.1232502960038598,0.3102232667450059
1498,1.877651310551516,0.9623971797884842
1499,-1.9054666305771424,0.02702702702702703
1501,-0.3993790777710889,0.13866039952996476
1502,0.0121129351271655,0.5334900117508813
1503,0.0366323638557537,0.5804935370152762
1504,-0.698179595318733,0.08108108108108109
1505,1.047058038764355,0.9341950646298472
1506,0.5855456460121199,0.900117508813161
1507,-0.3901905275265491,0.14218566392479437
1508,0.3278099169654725,0.8296122209165687
1509,4.632928463994622,0.9929494712103408
1510,-0.2564437535258824,0.19741480611045828
1511,0.0237482747410644,0.5475910693301997
1512,-0.1183930190504913,0.32314923619271446
1513,0.1241057758888265,0.7085781433607521
1514,1.0825681682485335,0.936545240893067
1516,-0.0291003398829871,0.44535840188014103
1517,0.0613316987758138,0.6251468860164512
1518,0.753098053861377,0.9142185663924794
1519,-0.6174896344258587,0.09400705052878966
1520,0.9321054345960168,0.9236192714453584
1522,-0.0638302406963516,0.3854289071680376
1524,0.1050732030329676,0.6850763807285546
1525,0.1720373355107709,0.7461809635722679
1526,-0.1657583397162122,0.26439482961222094
1527,0.1067342621415888,0.6874265569917744
1528,-0.0469728448500607,0.41598119858989424
1529,-0.3009337036394165,0.17861339600470036
1530,1.531969011655416,0.9529964747356052
1531,0.0925461576385205,0.6592244418331374
1532,0.0534118049639455,0.6098707403055229
1533,-0.0438401575483196,0.4206815511163337
1535,0.2568284878735128,0.8037602820211516
1536,0.0327688080718091,0.5746180963572268
1537,-0.0100451950631922,0.48413631022326675
1538,-0.0521245745676266,0.408930669800235
1540,-0.4732205718557014,0.11750881316098707
1543,-0.0796023673078964,0.36427732079905994
1544,-0.011077618172502,0.48296122209165687
1546,0.192679748277726,0.7626321974148061
1547,0.0903941976982084,0.6556991774383079
1548,0.1263785105246793,0.7097532314923619
1549,-0.0181810164550999,0.4735605170387779
1552,0.0720295636333234,0.6404230317273796
1553,-0.0796110581202986,0.3619271445358402
1554,0.0240996048083952,0.5499412455934195
1556,-0.0581110846784484,0.3983548766157462
1558,-0.0328707247811835,0.43478260869565216
1559,0.0380644476934263,0.5840188014101058
1560,-0.5324707466784975,0.10693301997649823
1562,-0.1637947237428255,0.2690951821386604
1563,-0.0464646441976034,0.4171562867215041
1564,-0.0137358214282677,0.4794359576968273
1566,0.5401263394367543,0.8918918918918919
1567,-0.0090326035752196,0.48531139835487663
1568,0.0227591523925241,0.5464159811985899
1569,0.0,0.5111633372502937
1571,0.0309873094011135,0.5675675675675675
1572,-0.0062020355455012,0.49236192714453586
1573,-0.0248537420199976,0.4594594594594595
1575,0.0456792813955301,0.5922444183313749
1576,-0.0433873754373615,0.42303172737955347
1577,0.1017295914406093,0.6733254994124559
1578,0.0330965198480892,0.5757931844888367
1580,1.463850236500836,0.9494712103407755
1581,-0.1116787936203588,0.33137485311398357
1583,-0.0363971852585491,0.4300822561692127
1584,0.0054831517773448,0.5240893066980024
1586,0.0776320785161152,0.6486486486486487
1587,0.1123673059532202,0.6968272620446534
1588,0.0535192558730003,0.6110458284371327
1592,-0.0507306883400237,0.4101057579318449
1593,0.0582711713490274,0.6192714453584018
1595,-1.1429642477581656,0.05170387779083431
1596,-0.0059020385780346,0.4935370152761457
1598,-0.0541805703237875,0.4018801410105758
1602,-0.0948498104643428,0.34430082256169214
1604,0.1040097559579887,0.6803760282021152
1605,-1.5184107106189606,0.041128084606345476
1606,-0.1772672886718277,0.25146886016451236
1607,0.0514086594396653,0.6063454759106933
1609,-0.2489997171544637,0.2044653349001175
1610,-0.5294669214037285,0.10810810810810811
1611,-0.1027507081867446,0.3372502937720329
1612,-0.5241852594193712,0.11045828437132785
1614,-0.0075143083579951,0.4888366627497062
1616,-0.0289206267274922,0.44653349001175086
1617,0.101489471559144,0.6721504112808461
1618,0.0,0.5111633372502937
1620,0.533219587096887,0.8895417156286721
1621,-0.4130981265701279,0.13043478260869565
1622,0.1121800057527226,0.6956521739130435
1623,0.333855987100172,0.8354876615746181
1624,-0.1923528083380526,0.23384253819036427
1625,-0.030879542233631,0.4406580493537015
1628,0.1046613584462951,0.6827262044653349
1631,0.2909479799238584,0.8166862514688602
1635,1.5836947652933793,0.9565217391304348
1637,0.2105793859921131,0.7779083431257344
1638,0.2534526895640419,0.800235017626322
1639,-0.1210408095457346,0.31609870740305523
1640,1.5744100083155168,0.9553466509988249
1645,-4.030636232302142,0.0035252643948296123
1646,0.4311179216946008,0.8719153936545241
1648,-0.1326769050590329,0.3008225616921269
1649,0.1812127214812662,0.7555816686251469
1651,-0.3526537437423799,0.1562867215041128
1652,0.0,0.5111633372502937
1654,6.681753850368199,0.9988249118683902
1655,0.17317749828797,0.7485311398354877
1658,4.566602512248284,0.9917743830787309
1659,0.3273871614477803,0.8284371327849589
1660,0.1580640433536204,0.7403055229142186
1662,-0.014816438411143,0.4770857814336075
1665,-0.3125664450334488,0.17391304347826086
1667,0.0650552253141344,0.6310223266745005
1669,0.1933105787342808,0.7649823736780259
1671,0.0737646080163866,0.6427732079905993
1672,-0.0045823419417771,0.4970622796709753
1673,0.121494653883901,0.7050528789659224
1674,-0.0635457354028409,0.38660399529964745
1675,0.0776874146398393,0.6498237367802585
1676,0.1544011424868965,0.7332549941245593
1678,-1.9533286661051172,0.025851938895417155
1680,0.0261168049960744,0.5558166862514688
1681,-0.197998291626497,0.22796709753231492
1682,-0.0476945160212343,0.4136310223266745
1684,-0.0564325276664669,0.399529964747356
1685,-0.1456790787123518,0.282021151586369
1686,-0.1231657471910432,0.31139835487661577
1688,-3.003988387705139,0.010575793184488837
1689,0.064577312279689,0.6298472385428907
1690,0.1145626842963218,0.700352526439483
1692,0.0306833035540142,0.5663924794359577
1693,-0.366890024092218,0.15041128084606345
1694,0.2192050545058917,0.7837837837837838
1695,-0.1837134505559631,0.24676850763807284
1696,0.1043998690025358,0.681551116333725
1697,-0.0625100244570554,0.3901292596944771
1698,1.316289705106784,0.9412455934195064
1701,-0.0524545300368256,0.40658049353701525
1703,-1.9049834091143256,0.0282021151586369
1704,0.4292581070712863,0.8707403055229143
1705,-0.115046808237023,0.32784958871915393
1706,0.0321712803435796,0.5710928319623971
1709,0.3451833445850572,0.8413631022326674
1710,0.0500731758015082,0.6039952996474736
1712,-0.0387160520868036,0.42655699177438305
1713,-0.2641303669526038,0.19388954171562867
1714,-0.1434629961671489,0.28554641598119856
1715,0.286468265520254,0.8143360752056404
1716,-0.0435050969468902,0.4218566392479436
1718,-0.9416539746273368,0.06462984723854288
1719,0.1032994987923736,0.6792009400705052
1721,-0.7297554427471047,0.07873090481786134
1722,2.757462682178172,0.9776733254994124
1723,0.2545427788758378,0.8014101057579318
1725,0.1088432952923809,0.690951821386604
1727,-0.1190756791841793,0.3196239717978848
1728,0.0496183358318719,0.6028202115158637
1731,-0.8705958088175818,0.07050528789659224
1732,0.0076145492318342,0.5264394829612221
1733,0.0487040779378091,0.600470035252644
1734,-0.0181766868752873,0.47473560517038776
1735,-0.0303748604156409,0.44300822561692127
1736,-0.7049434624604519,0.0799059929494712
1737,0.1812301180613743,0.7567567567567568
1738,0.133139584333607,0.717978848413631
1739,-0.0031665447066927,0.5041128084606346
1742,0.2230884656744257,0.7861339600470035
1743,0.1332502795711639,0.7215041128084606
1745,-0.0323151586664035,0.4371327849588719
1747,0.4194827724098807,0.8683901292596945
1748,0.1808503167924954,0.754406580493537
1749,-0.1679633513008815,0.2608695652173913
1750,-0.1187180948245445,0.3219741480611046
1751,-0.9601400148241308,0.06227967097532315
1752,-0.3403188367487685,0.1609870740305523
1754,0.3034113710425675,0.8190364277320799
1756,1.33738033913531,0.9435957696827262
1757,0.2709062805812563,0.8084606345475911
1758,-0.1226468175695246,0.3137485311398355
1759,-0.2771249441370495,0.19036427732079905
1761,0.9355434671501164,0.9259694477085781
1762,0.0470950055727762,0.5945945945945946
1763,0.1729436758073272,0.7473560517038778
1764,0.2128944273577647,0.782608695652174
1765,0.1621248614459826,0.7426556991774383
1766,0.5425245227119305,0.8930669800235017
1767,-0.2538068097132726,0.199764982373678
1768,-0.0608787263776232,0.3936545240893067
1769,-0.1347094030879191,0.29612220916568743
1772,0.094365101973333,0.6603995299647474
1773,-0.0766410304237349,0.36780258519388953
1776,0.1082773541571139,0.6897767332549941
1777,0.1747702867600408,0.7520564042303173
1779,-0.0114008293207926,0.481786133960047
1781,1.0448347919315792,0.9330199764982373
1782,0.0682667592697676,0.6345475910693302
1784,0.0324318824914038,0.5722679200940071
1786,0.3394411212352471,0.8378378378378378
1787,-0.2550515563855992,0.19858989424206816
1788,-0.1961625607947869,0.2291421856639248
1790,0.0245345114781041,0.5522914218566393
1791,-1.5836985271950508,0.03760282021151586
1792,-0.3859962025582973,0.14336075205640422
1795,-0.0600106481172972,0.39600470035252644
1796,1.6166937023622523,0.9576968272620446
1797,-0.0953459964659494,0.3419506462984724
1798,-0.0707747718910266,0.37485311398354876
1799,0.1051106312576148,0.6862514688601645
1800,-0.0272757978574931,0.4535840188014101
1802,-0.0926734195428975,0.34782608695652173
1803,-1.8014218143611442,0.03172737955346651
1804,-0.0820215205955255,0.3584018801410106
1810,-0.1735532391868046,0.2573443008225617
1811,4.685478863137233,0.9941245593419507
1813,-0.1403378403443132,0.2925969447708578
1815,-0.1234392564070569,0.309048178613396
1816,-0.8601170868630765,0.07285546415981199
1817,0.050094195087029,0.6051703877790834
1819,0.2072725019044562,0.7743830787309048
1821,0.4526840668968859,0.8789659224441834
1822,0.1028472742007821,0.6768507638072856
1823,0.0586110004805878,0.6204465334900118
1825,0.4182394722918979,0.8672150411280846
1826,2.6064513741952062,0.972972972972973
1827,0.3497912472107946,0.8425381903642774
1828,0.0042024869001525,0.5229142185663925
1829,0.3558177880222606,0.8448883666274971
1831,1.7048395685479911,0.9588719153936546
1832,0.450276034378997,0.8777908343125734
1834,0.2281690654662493,0.7873090481786134
1836,2.358063195788473,0.9694477085781433
1837,0.650135468359047,0.9095182138660399
1839,-0.1249531819505346,0.30669800235017625
1840,-0.1651606017191333,0.26556991774383076
1842,0.3686797211554901,0.8507638072855465
1843,0.2054735970968143,0.7732079905992949
1844,0.3255084319479988,0.827262044653349
1846,-1.1553102833660405,0.05052878965922444
1847,-0.3359305748680092,0.16333725029377202
1848,0.2116841900481017,0.781433607520564
1849,0.0464035031834028,0.5934195064629847
1850,-0.049730149283115,0.4112808460634548
1851,6.094297093901249,0.9976498237367802
1852,0.5955434061534272,0.9024676850763808
1853,-1.022690068162254,0.05875440658049354
1854,0.2354754946917156,0.790834312573443
1855,-0.0662660381849242,0.381903642773208
1856,-0.4268534615180445,0.12573443008225618
1857,0.376436023881784,0.8578143360752056
1858,0.1479733625489473,0.7309048178613397
1859,-0.0589233092449205,0.3971797884841363
1860,0.0027223442184679,0.5193889541715628
1861,-2.0363089098186062,0.023501762632197415
1862,0.3678285187906164,0.8495887191539365
1863,0.3855058368698406,0.8625146886016452
1864,0.1433450605685801,0.7250293772032902
1866,0.374852692864025,0.8554641598119859
1867,-0.1943069565917564,0.23031727379553465
1868,-0.5561965616882435,0.10223266745005875
1869,-0.0476114610511936,0.41480611045828436
1870,0.0645302735789065,0.6286721504112809
1871,-0.2173283977297961,0.21621621621621623
1872,-0.1309264587628666,0.3019976498237368
1875,0.0771120760977087,0.6462984723854289
1876,2.271506244415918,0.9682726204465335
1877,-0.5834998876750088,0.09870740305522914
1878,0.357202456021273,0.8460634547591069
1879,0.2546783097460069,0.8025851938895417
1880,0.0096692749461008,0.5311398354876615
1882,0.93360856420472,0.9247943595769683
1883,-0.0708411918416015,0.3736780258519389
1886,2.5601781033200943,0.9706227967097533
1887,0.3282297190073702,0.8307873090481787
1890,-0.2517675601286914,0.2009400705052879
1891,0.550671512149759,0.8942420681551116
1892,-0.0355014100553671,0.4312573443008226
1893,-0.0452244439838247,0.418331374853114
1894,0.1106038982785562,0.6944770857814336
1896,-0.3440032676752577,0.15863689776733256
1897,0.1270912775730413,0.7109283196239718
1898,-0.1731629629533675,0.25851938895417154
1900,0.1532741971210899,0.7320799059929495
1902,0.0773902320387052,0.6474735605170387
1905,0.0972053126606857,0.663924794359577
1906,1.0521171110286602,0.9353701527614571
1907,0.5755788651201659,0.8977673325499412
1909,-0.689365208549806,0.08343125734430082
1910,-6.519268274888724,0.0011750881316098707
1911,-0.3551875380079332,0.15511163337250294
1912,-0.0792582269897454,0.3654524089306698
1917,0.0129962293227387,0.535840188014101
1921,-0.0610319701561727,0.39247943595769685
1924,-0.1808399597862505,0.24794359576968272
1925,-0.0949821328142924,0.34312573443008226
1926,-0.0869320758964907,0.35487661574618096
1927,0.0545525817283391,0.6145710928319624
1929,0.7900659364234193,0.9165687426556992
1930,0.0,0.5111633372502937
1931,0.030617364570009,0.5652173913043478
1933,0.0295074971921583,0.5593419506462984
1934,-1.861136752315092,0.02937720329024677
1936,-0.1406447091163596,0.29142185663924797
1938,-0.074795824167429,0.3689776733254994
1940,-0.054894078947476,0.4007050528789659
1941,-0.0280868078694112,0.4500587544065805
1943,0.0481508042959739,0.599294947121034
1944,-1.983548693705634,0.024676850763807285
1945,-0.1683535476314359,0.2596944770857814
1947,-0.1918443788378256,0.23501762632197415
1948,-0.1289572728027386,0.30434782608695654
1949,1.9768145455603297,0.9647473560517039
1951,1.1606824600844887,0.9377203290246768
1952,-0.2648527196480141,0.1927144535840188
1953,-0.146248815678106,0.2808460634547591
1955,1.2423652236583005,0.9400705052878966
1957,0.2009054615149124,0.7685076380728555
1960,-0.8347140594410306,0.07403055229142186
1962,-0.0643781065564771,0.38307873090481787
1963,0.0076175089647179,0.5276145710928319
1964,-2.2209873540484737,0.022326674500587545
1965,-0.3568192582993152,0.15393654524089306
1968,-0.0271536271295958,0.45475910693301996
1969,-0.6332266114131673,0.09048178613396005
1970,0.2833482920728566,0.8131609870740305
1971,0.1025968387420318,0.6756756756756757
1972,-0.1878718682929803,0.23971797884841364
1973,-0.0687728514404688,0.3772032902467685
1975,0.3906493519658994,0.8648648648648649
1976,-0.1150345294152229,0.3290246768507638
1977,-0.1876200145764656,0.24206815511163338
1978,-0.1800534427584713,0.2491186839012926
1980,-0.1308835005624561,0.30317273795534666
1981,-0.0250816447556268,0.4571092831962397
1982,0.0302450775871433,0.5616921269095182
1983,-0.0534192312266971,0.40423031727379555
1987,-0.4254738667008607,0.12690951821386603
1988,-1.0475823970827285,0.057579318448883664
1990,0.1906157192528001,0.7602820211515864
1993,0.3831484312488071,0.8601645123384254
1995,-0.1189153974884707,0.3207990599294947
1996,0.0609761652265087,0.6239717978848414
1997,-0.3919621388550618,0.1410105757931845
1999,0.0159680586626053,0.5381903642773208
2001,0.0312027118214829,0.5687426556991775
2002,-0.8858006618694314,0.0681551116333725
2003,-0.0017738300965863,0.5064629847238543
2004,0.08471842580791,0.6521739130434783
2005,-0.0210814548620828,0.46768507638072854
2010,0.0666962436000367,0.6333725029377203
2012,-1.5386335740304964,0.0399529964747356
2013,0.2107364193985207,0.7790834312573442
2015,0.0030179069029525,0.5205640423031728
2016,0.068904639361785,0.63689776733255
2017,1.4725866223191295,0.9506462984723855
2021,-0.0083506929579636,0.48766157461809634
2022,-0.9264517580882784,0.06580493537015276
2024,0.097860643001145,0.6650998824911868
2025,0.1556893412585117,0.7344300822561692
2027,1.8002637842160696,0.9600470035252644
2029,0.5171902864476661,0.8871915393654524
2034,-0.1867101498218563,0.2444183313748531
2035,-0.1380614776281366,0.29494712103407755
2036,0.1566246779406468,0.7379553466509988
2038,0.1068721874008578,0.6886016451233843
2039,0.1360280200450007,0.7238542890716804
2041,-0.1665420579317973,0.26321974148061106
2042,1.2315899415967435,0.9388954171562868
2043,0.344851076430745,0.8401880141010576
2045,-0.3122850951983978,0.17508813160987075
2046,-0.3195749647211248,0.16803760282021152
2047,1.0313082621926757,0.9318448883666275
2048,0.0625722970261652,0.6263219741480611
2049,-0.112516364811792,0.3301997649823737
2050,-0.164817776883091,0.2679200940070505
2051,-0.2094821639706843,0.21974148061104584
2052,4.199754624066625,0.9894242068155111
2053,-0.6863790274074284,0.0846063454759107
2054,-0.2191448795790702,0.21504112808460635
2055,-0.1475598446446101,0.2796709753231492
2056,0.0716297785397424,0.6392479435957696
2057,-0.1574856859027329,0.27497062279670975
2058,-0.0796059140894219,0.36310223266745006
2059,-0.1581176093039566,0.27379553466509987
2060,0.0114678314828242,0.5323149236192715
2061,-0.0719352544813041,0.37132784958871917
2063,-0.2073606427299564,0.2209165687426557
2064,-0.1903438743019986,0.23619271445358403
2065,-0.285126485430083,0.18566392479435959
2066,-0.2101217657195588,0.21856639247943596
2067,-1.6738783908062822,0.03525264394829612
2068,0.3534174922145418,0.8437132784958872
2069,0.5083252868834233,0.8860164512338425
2070,0.1866301200692049,0.7591069330199764
2072,2.729441038503437,0.9764982373678026
2073,0.3732330088918444,0.8531139835487661
2074,-0.1096319544682219,0.3337250293772033
2075,0.0739674649777497,0.6439482961222092
2076,-0.0222167091585713,0.46298472385428907
2077,2.7180013018253555,0.9753231492361927
2078,-0.1039804563606746,0.33607520564042304
2080,0.1463615324016502,0.7285546415981199
2081,-0.1563384659345368,0.27614571092831963
2082,0.9512920127130176,0.927144535840188
2083,-0.6669725219261599,0.08695652173913043
2084,-0.396123720461011,0.1398354876615746
2085,-0.4499472000420308,0.12103407755581669
2087,-2.540508412526976,0.01527614571092832
2089,-0.3496920645216719,0.15746180963572268
2091,0.0324883271941865,0.5734430082256169
2093,0.056075814490358,0.6169212690951822
2094,-0.0734711219803671,0.3701527614571093
2100,-0.1226336269415234,0.31492361927144535
2102,-1.511113540254561,0.04230317273795535
2104,-0.3827292345164419,0.14571092831962398
2105,-0.2638543561320766,0.19506462984723855
2107,-2.338778624386492,0.0199764982373678
2108,-0.3409676117610142,0.1598119858989424
2110,0.1331856415441862,0.7191539365452408
2111,-0.2454199140713592,0.20681551116333724
2112,-0.8795981453296837,0.06933019976498238
2115,-0.1767549108819182,0.25381903642773207
2117,-3.579195661060448,0.007050528789659225
2118,-0.3057616664921221,0.1762632197414806
2121,-0.0780097387729355,0.36662749706227965
2122,-3.3020496114995623,0.009400705052878966
2123,0.144098472583056,0.7262044653349001
2124,-0.0052696086207024,0.49588719153936545
2125,-0.222441577561931,0.21269095182138661
2126,0.3751463372066408,0.8566392479435958
2128,0.1285473234801262,0.7132784958871915
2129,1.3276861889524334,0.9424206815511164
2130,-0.4271966628870656,0.1245593419506463
2131,0.0205085700549887,0.5440658049353702
2133,-0.0318991561725277,0.4394829612220917
2134,0.123036295744615,0.7074030552291422
2135,-0.0673405896306807,0.3795534665099882
2137,3.739162118744492,0.9858989424206815
2138,0.238368030275991,0.7943595769682726
2139,0.2331708176221168,0.7896592244418331
2140,-0.0924824437979144,0.3490011750881316
2141,0.1170205582042599,0.7015276145710928
2142,0.9576277935887796,0.9283196239717979
2143,0.6878078147231429,0.9118683901292597
2144,-0.0839825331645012,0.3572267920094007
2145,-0.1768650901562258,0.2526439482961222
2146,-0.0203031342892042,0.4688601645123384
